<?xml version="1.0" encoding="UTF-8" ?>
<beans xmlns="http://www.springframework.org/schema/beans"
       xmlns:security="http://www.springframework.org/schema/security"
       xmlns:xsi="http://www.w3.org/2001/XMLSchema-instance"
       xmlns:context="http://www.springframework.org/schema/context"
       xsi:schemaLocation="http://www.springframework.org/schema/beans http://www.springframework.org/schema/beans/spring-beans-3.1.xsd
              http://www.springframework.org/schema/security http://www.springframework.org/schema/security/spring-security.xsd http://www.springframework.org/schema/context http://www.springframework.org/schema/context/spring-context-3.1.xsd">

  <security:http pattern="/user/uct0111/login" entry-point-ref="samlEntryPointManabiTeacher" create-session="stateless"
            authentication-manager-ref="authenticationManager">
    <security:intercept-url pattern="/user/uct0111/login" access="authenticated"/>
    <security:custom-filter before="FIRST" ref="metadataGeneratorFilterManabiTeacher"/>
    <security:custom-filter after="BASIC_AUTH_FILTER" ref="samlFilterManabiTeacher"/>
    <security:csrf disabled="true"  />
  </security:http>

  <security:http pattern="/studentweb/ucs0103/login" entry-point-ref="samlEntryPointManabiStudent" create-session="stateless"
                 authentication-manager-ref="authenticationManager">
    <security:intercept-url pattern="/studentweb/ucs0103/login" access="authenticated"/>
    <security:custom-filter before="FIRST" ref="metadataGeneratorFilterManabiStudent"/>
    <security:custom-filter after="BASIC_AUTH_FILTER" ref="samlFilterManabiStudent"/>
    <security:csrf disabled="true"  />
  </security:http>

  <security:http pattern="/user/uct0111/login_suite" entry-point-ref="samlEntryPointSuiteTeacher" create-session="stateless"
                 authentication-manager-ref="authenticationManager">
    <security:intercept-url pattern="/user/uct0111/login_suite" access="authenticated"/>
    <security:custom-filter before="FIRST" ref="metadataGeneratorFilterSuiteTeacher"/>
    <security:custom-filter after="BASIC_AUTH_FILTER" ref="samlFilterSuiteTeacher"/>
    <security:csrf disabled="true"  />
  </security:http>

  <security:http pattern="/studentweb/ucs0103/login_suite" entry-point-ref="samlEntryPointSuiteStudent" create-session="stateless"
                 authentication-manager-ref="authenticationManager">
    <security:intercept-url pattern="/studentweb/ucs0103/login_suite" access="authenticated"/>
    <security:custom-filter before="FIRST" ref="metadataGeneratorFilterSuiteStudent"/>
    <security:custom-filter after="BASIC_AUTH_FILTER" ref="samlFilterSuiteStudent"/>
    <security:csrf disabled="true"  />
  </security:http>

</beans>
